{"v":"5.7.6","fr":29.9700012207031,"ip":0,"op":900.000036657751,"w":3857,"h":2893,"nm":"DJI_0446 (1)","ddd":0,"assets":[{"id":"image_0","w":3857,"h":2893,"u":"images/","p":"img_0.jpg","e":0}],"fonts":{"list":[{"fName":"Xiomara","fFamily":"Xiomara","fStyle":"Regular","ascent":86.279296875}]},"layers":[{"ddd":0,"ind":1,"ty":5,"nm":"Сватба","sr":1,"ks":{"o":{"a":0,"k":100,"ix":11},"r":{"a":0,"k":0,"ix":10},"p":{"a":0,"k":[1672,1474.5,0],"ix":2,"l":2},"a":{"a":0,"k":[0,0,0],"ix":1,"l":2},"s":{"a":0,"k":[100,100,100],"ix":6,"l":2}},"ao":0,"hasMask":true,"masksProperties":[{"inv":false,"mode":"n","pt":{"a":0,"k":{"i":[[0,0],[0,0],[0,0],[0,0],[0,0],[0,0],[0,0],[0,0],[0,0],[0,0],[-7.5,0],[0,0],[0,0],[0,0],[0,0],[0,0],[0,0],[0,0],[0,0],[0,0],[0,0],[0,0],[0,0],[0,0],[0,0],[0,0],[0,0],[0,0],[0,0],[0,0],[0,0],[0,0],[0,0],[0,0],[0,0],[0,0],[0,0],[0,0],[0,0],[0,0],[0,0],[0,0],[0,0],[0,0],[0,-2],[0,0],[3.5,-3],[0,0],[0,0],[0,0],[0,0],[0,0],[0,0],[0,0],[0,0],[0,0],[0,0],[0,0],[0,0],[0,0],[0,-4.5],[0,0],[0,0],[0,0],[0,0],[0,0],[0,0],[0,0],[0,0],[0,0],[0,0],[0,0],[0,0],[0,0],[0,0],[0,0],[0,0],[0,0],[0,0],[0,0],[0,0],[0,0],[0,0],[0,0],[0,0],[0,0],[0,0],[0,0],[0,0],[0,0],[0,0],[0,0],[0,0],[0,0],[0,0],[0,0],[0,0],[0,0],[0,0],[0,0],[0,0],[0,0],[0,0],[0,0],[0,0],[0,0],[0,0],[0,0],[0,0],[0,0],[0,0],[0,0]],"o":[[0,0],[0,0],[0,0],[0,0],[0,0],[0,0],[0,0],[0,0],[0,0],[0,0],[7.5,0],[0,0],[0,0],[0,0],[0,0],[0,0],[0,0],[0,0],[0,0],[0,0],[0,0],[0,0],[0,0],[0,0],[0,0],[0,0],[0,0],[0,0],[0,0],[0,0],[0,0],[0,0],[0,0],[0,0],[0,0],[0,0],[0,0],[0,0],[0,0],[0,0],[0,0],[0,0],[0,0],[0,0],[0,2],[0,0],[-3.5,3],[0,0],[0,0],[0,0],[0,0],[0,0],[0,0],[0,0],[0,0],[0,0],[0,0],[0,0],[0,0],[0,0],[0,4.5],[0,0],[0,0],[0,0],[0,0],[0,0],[0,0],[0,0],[0,0],[0,0],[0,0],[0,0],[0,0],[0,0],[0,0],[0,0],[0,0],[0,0],[0,0],[0,0],[0,0],[0,0],[0,0],[0,0],[0,0],[0,0],[0,0],[0,0],[0,0],[0,0],[0,0],[0,0],[0,0],[0,0],[0,0],[0,0],[0,0],[0,0],[0,0],[0,0],[0,0],[0,0],[0,0],[0,0],[0,0],[0,0],[0,0],[0,0],[0,0],[0,0],[0,0],[0,0]],"v":[[160.5,-1],[136.5,16.5],[111.5,26.5],[75,25.5],[39.5,15.5],[20,-11.5],[8,-45.5],[18.5,-78],[35,-107.5],[60.5,-122],[82.5,-129],[112.5,-131],[135.5,-121.5],[148,-106],[146.5,-88],[133.5,-73.5],[118,-72],[96,-81.5],[93.5,-100.5],[102,-105],[96.5,-3],[127,-41],[135.5,-62.5],[136.5,-89.5],[134.5,-110],[125,-110],[116.5,-92],[119,-54],[121.5,-23.5],[138.5,-4.5],[153,-2.5],[165,-13],[171,-32],[163.5,-49.5],[148.5,-56.5],[142,-44],[150.5,-28],[159,-19],[174.5,-15],[188,-22],[192,-33.5],[195.5,-46.5],[208,-54.5],[227,-46.5],[233,-32],[233,-16.5],[226,-11],[214.5,-4],[198,-6.5],[192.5,-15.5],[221.5,-37.5],[239,-7.5],[248.5,-4.5],[260.5,-9.5],[267,-4],[264.5,-25],[264,-48],[274.5,-53.5],[284.5,-54],[291,-51],[295,-37.5],[295,-18],[301,-5],[298.5,-28],[302.5,-48],[314,-54.5],[324,-54],[328,-41],[329.5,-24],[332,-12.5],[337,-2],[346.5,-9],[353.5,-16],[356,-34.5],[365,-50.5],[375,-53.5],[395,-49.5],[397.5,-32],[397,-10],[385,-6],[369,-4],[362,-12],[410,-96.5],[384.5,-95],[369.5,-92],[361.5,-86],[357.5,-73],[365,-62.5],[368.5,-41],[376.5,-28],[388,-22.5],[403,-24],[415.5,-25],[424.5,-32.5],[428,-44.5],[437,-52.5],[446.5,-53.5],[458,-51.5],[464,-42],[464,-24.5],[461.5,-7.5],[446,-5],[430,-9],[423.5,-19.5],[473,-70.5],[471,-26.5],[468.5,-14],[479,-3],[488,-3.5],[492.5,-10.5],[495,-23.5],[498.5,-36]],"c":false},"ix":1},"o":{"a":0,"k":100,"ix":3},"x":{"a":0,"k":0,"ix":4},"nm":"Mask 1"}],"ef":[{"ty":22,"nm":"Stroke","np":13,"mn":"ADBE Stroke","ix":1,"en":1,"ef":[{"ty":10,"nm":"Path","mn":"ADBE Stroke-0001","ix":1,"v":{"a":0,"k":1,"ix":1}},{"ty":7,"nm":"All Masks","mn":"ADBE Stroke-0010","ix":2,"v":{"a":0,"k":0,"ix":2}},{"ty":7,"nm":"Stroke Sequentially","mn":"ADBE Stroke-0011","ix":3,"v":{"a":0,"k":1,"ix":3}},{"ty":2,"nm":"Color","mn":"ADBE Stroke-0002","ix":4,"v":{"a":0,"k":[1,0,0,1],"ix":4}},{"ty":0,"nm":"Brush Size","mn":"ADBE Stroke-0003","ix":5,"v":{"a":0,"k":8.4,"ix":5}},{"ty":0,"nm":"Brush Hardness","mn":"ADBE Stroke-0004","ix":6,"v":{"a":0,"k":0.75,"ix":6}},{"ty":0,"nm":"Opacity","mn":"ADBE Stroke-0005","ix":7,"v":{"a":0,"k":1,"ix":7}},{"ty":0,"nm":"Start","mn":"ADBE Stroke-0008","ix":8,"v":{"a":0,"k":0,"ix":8}},{"ty":0,"nm":"End","mn":"ADBE Stroke-0009","ix":9,"v":{"a":1,"k":[{"i":{"x":[0.833],"y":[0.833]},"o":{"x":[0.167],"y":[0.167]},"t":0,"s":[0]},{"t":109.000004439661,"s":[100]}],"ix":9}},{"ty":7,"nm":"Spacing","mn":"ADBE Stroke-0006","ix":10,"v":{"a":0,"k":15,"ix":10}},{"ty":7,"nm":"Paint Style","mn":"ADBE Stroke-0007","ix":11,"v":{"a":0,"k":3,"ix":11}}]}],"t":{"d":{"k":[{"s":{"s":132,"f":"Xiomara","t":"Сватба","ca":0,"j":0,"tr":0,"lh":158.4,"ls":0,"fc":[1,1,1]},"t":0}]},"p":{},"m":{"g":1,"a":{"a":0,"k":[0,0],"ix":2}},"a":[]},"ip":0,"op":900.000036657751,"st":0,"bm":0},{"ddd":0,"ind":2,"ty":2,"nm":"DJI_0446 (1).jpg","cl":"jpg","refId":"image_0","sr":1,"ks":{"o":{"a":0,"k":100,"ix":11},"r":{"a":0,"k":0,"ix":10},"p":{"a":0,"k":[1928.5,1446.5,0],"ix":2,"l":2},"a":{"a":0,"k":[1928.5,1446.5,0],"ix":1,"l":2},"s":{"a":0,"k":[100,100,100],"ix":6,"l":2}},"ao":0,"ip":0,"op":900.000036657751,"st":0,"bm":0}],"markers":[],"chars":[{"ch":"С","size":132,"style":"Regular","w":88.18,"data":{"shapes":[{"ty":"gr","it":[{"ind":0,"ty":"sh","ix":1,"ks":{"a":0,"k":{"i":[[2.702,3.939],[16.438,0.912],[13.395,-12.516],[0,-19.27],[-4.785,-9.212],[-13.347,-4.785],[-9.343,0],[-8.724,4.053],[-0.326,2.93],[2.539,0.032],[5.469,-4.492],[11.458,0],[8.789,2.766],[6.25,10.612],[0,10.32],[-11.459,11.638],[-21.224,0],[-4.916,-6.315],[0,-3.906],[3.564,-3.027],[5.176,0],[0.52,5.827],[-1.335,0.945],[-0.586,1.986],[0,0.488],[1.204,1.4],[2.083,0],[1.758,-4.004],[0,-2.18],[-4.167,-4.166],[-7.097,0],[-5.029,4.134],[0,6.316]],"o":[[-6.152,-8.105],[-21.55,0],[-13.396,12.517],[0,9.961],[6.705,12.923],[9.668,3.483],[11.328,0],[8.723,-4.053],[0,-2.539],[-2.93,0],[-5.827,4.817],[-7.65,0],[-12.566,-3.874],[-5.046,-8.496],[0,-17.188],[11.458,-11.637],[13.802,0.945],[2.083,2.962],[0,4.753],[-3.564,3.027],[-9.082,0],[0,-1.692],[1.985,-1.399],[0.13,-0.52],[0,-1.465],[-1.335,-1.465],[-4.004,0.228],[-0.912,1.888],[0,4.688],[5.013,3.809],[7.096,0],[5.029,-4.134],[0,-5.013]],"v":[[111.719,-87.891],[77.832,-101.416],[25.415,-82.642],[5.322,-34.961],[12.5,-6.201],[42.578,20.361],[71.094,25.586],[101.172,19.507],[114.746,9.033],[110.938,5.176],[98.34,11.914],[72.412,19.141],[47.754,14.99],[19.531,-6.738],[11.963,-34.961],[29.15,-78.198],[78.174,-95.654],[106.25,-84.766],[109.375,-74.463],[104.028,-62.793],[90.918,-58.252],[76.514,-66.992],[78.516,-70.947],[82.373,-76.025],[82.568,-77.539],[80.762,-81.836],[75.635,-84.033],[66.992,-77.686],[65.625,-71.582],[71.875,-58.301],[90.039,-52.588],[108.228,-58.789],[115.771,-74.463]],"c":true},"ix":2},"nm":"С","mn":"ADBE Vector Shape - Group","hd":false}],"nm":"С","np":3,"cix":2,"bm":0,"ix":1,"mn":"ADBE Vector Group","hd":false}]},"fFamily":"Xiomara"},{"ch":"в","size":132,"style":"Regular","w":53.47,"data":{"shapes":[{"ty":"gr","it":[{"ind":0,"ty":"sh","ix":1,"ks":{"a":0,"k":{"i":[[-1.335,-4.98],[0,-1.66],[0.13,-1.953],[2.734,4.134],[0,2.377],[-0.13,0.521],[-1.855,0],[-1.335,-0.651]],"o":[[0.391,1.855],[0,2.279],[-4.427,-1.855],[-2.246,-3.32],[0,-0.553],[0.26,-2.604],[0.911,0],[3.32,1.986]],"v":[[36.963,-27.686],[37.549,-22.412],[37.354,-16.064],[26.611,-25.049],[23.242,-33.594],[23.438,-35.205],[26.611,-39.111],[29.98,-38.135]],"c":true},"ix":2},"nm":"в","mn":"ADBE Vector Shape - Group","hd":false},{"ind":1,"ty":"sh","ix":2,"ks":{"a":0,"k":{"i":[[0,7.878],[-2.8,0.554],[-0.554,-10.645],[4.166,-8.756]],"o":[[0.391,-11.491],[2.18,0],[-0.326,12.402],[-1.433,-11.881]],"v":[[4.199,-60.938],[8.984,-79.004],[13.086,-63.037],[6.348,-31.299]],"c":true},"ix":2},"nm":"в","mn":"ADBE Vector Shape - Group","hd":false},{"ind":2,"ty":"sh","ix":3,"ks":{"a":0,"k":{"i":[[4.264,12.24],[-0.228,13.509],[6.25,0],[0.326,-19.791],[-1.823,-8.43],[0,-2.799],[-2.083,-0.227],[-0.554,0.488],[-8.171,0],[-4.102,6.706],[-0.879,0],[-2.767,2.246],[0,5.566],[1.074,0],[0,-2.148],[2.18,-1.985],[2.344,0],[0.618,0.098],[0,2.67],[3.271,4.037],[3.483,0.684],[0.813,0],[1.465,-1.204],[0.163,-4.492],[0,0],[-3.223,-4.134],[-5.046,-1.66],[5.143,-0.325]],"o":[[7.194,-12.467],[-0.033,-15.69],[-6.934,0.391],[0,11.426],[-2.246,1.14],[0.326,2.572],[0.944,0],[5.566,11.784],[6.641,0],[0.911,0.13],[3.45,0],[3.418,-2.766],[-0.195,-2.311],[-1.172,0],[-0.033,3.777],[-1.791,1.595],[-0.554,0],[0.684,-2.344],[0,-6.25],[-3.271,-4.036],[-0.945,-0.195],[-2.019,0],[-2.051,1.693],[0,0],[0,4.297],[3.352,4.362],[-1.986,3.841],[-6.738,-0.325]],"v":[[7.373,-23.828],[18.506,-62.793],[9.082,-86.328],[-1.807,-56.055],[0.928,-26.27],[-2.441,-20.361],[1.172,-16.162],[3.418,-16.895],[24.023,0.781],[40.137,-9.277],[42.822,-9.082],[52.148,-12.451],[57.275,-24.951],[55.371,-28.418],[53.613,-25.195],[50.293,-16.553],[44.092,-14.16],[42.334,-14.307],[43.359,-21.826],[38.452,-37.256],[28.32,-44.336],[25.684,-44.629],[20.459,-42.822],[17.139,-33.545],[17.139,-32.91],[21.973,-20.264],[34.57,-11.23],[23.877,-4.98]],"c":true},"ix":2},"nm":"в","mn":"ADBE Vector Shape - Group","hd":false}],"nm":"в","np":6,"cix":2,"bm":0,"ix":1,"mn":"ADBE Vector Group","hd":false}]},"fFamily":"Xiomara"},{"ch":"а","size":132,"style":"Regular","w":56.01,"data":{"shapes":[{"ty":"gr","it":[{"ind":0,"ty":"sh","ix":1,"ks":{"a":0,"k":{"i":[[-0.879,-4.817],[5.924,0],[2.588,3.158],[0,4.492],[-2.425,3.011],[-3.972,0],[-3.027,-5.305]],"o":[[-2.702,8.236],[-3.646,0],[-2.588,-3.157],[0,-4.785],[2.425,-3.011],[4.622,0],[0.098,3.255]],"v":[[32.227,-17.822],[19.287,-5.469],[9.937,-10.205],[6.055,-21.68],[9.692,-33.374],[19.287,-37.891],[30.762,-29.932]],"c":true},"ix":2},"nm":"а","mn":"ADBE Vector Shape - Group","hd":false},{"ind":1,"ty":"sh","ix":2,"ks":{"a":0,"k":{"i":[[-2.279,-1.432],[-2.702,-0.033],[0,0],[-2.572,2.312],[-0.912,4.785],[0,1.14],[1.497,0],[0.26,-3.157],[1.546,-2.295],[2.311,0],[0.032,9.668],[-0.293,2.214],[0,1.888],[0.651,1.465],[1.465,0],[0.455,-2.311],[5.305,0],[3.776,-4.102],[0,-6.901],[-3.777,-4.427],[-5.306,0],[-3.548,6.348]],"o":[[2.278,1.433],[0,0],[2.637,0],[2.571,-2.311],[0.293,-1.595],[0,-2.897],[-1.563,0],[-0.293,3.777],[-1.546,2.295],[-4.59,0],[0,-1.92],[0.325,-2.506],[0,-2.734],[-0.879,-1.855],[-2.246,0],[-3.777,-4.297],[-5.306,0],[-3.777,4.102],[0,6.218],[3.776,4.427],[6.966,0],[0.977,3.027]],"v":[[38.965,-2.051],[46.436,0.146],[46.533,0.146],[54.346,-3.32],[59.57,-13.965],[60.01,-18.066],[57.764,-22.412],[55.029,-17.676],[52.271,-8.569],[46.484,-5.127],[39.551,-19.629],[39.99,-25.83],[40.479,-32.422],[39.502,-38.721],[35.986,-41.504],[31.934,-38.037],[18.311,-44.482],[4.688,-38.33],[-0.977,-21.826],[4.688,-5.859],[18.311,0.781],[34.082,-8.74]],"c":true},"ix":2},"nm":"а","mn":"ADBE Vector Shape - Group","hd":false}],"nm":"а","np":5,"cix":2,"bm":0,"ix":1,"mn":"ADBE Vector Group","hd":false}]},"fFamily":"Xiomara"},{"ch":"т","size":132,"style":"Regular","w":68.55,"data":{"shapes":[{"ty":"gr","it":[{"ind":0,"ty":"sh","ix":1,"ks":{"a":0,"k":{"i":[[-6.511,0],[-0.033,-9.505],[-0.261,-2.571],[0,0],[-1.4,-1.855],[-1.498,0],[-0.749,0.358],[0,1.986],[0.586,1.888],[0.293,2.734],[0,0],[0,1.367],[-6.543,0],[0,-9.57],[-1.693,-2.506],[-3.191,-0.13],[-2.181,2.116],[-0.195,6.576],[1.497,0],[0,-2.506],[2.148,-2.344],[1.009,0],[0,7.227],[-0.066,0.912],[0,1.009],[2.213,3.288],[4.785,0.033],[3.548,-5.11],[6.087,0.033],[3.157,-3.255],[1.399,0],[0,-2.832],[-0.098,-0.684],[0,-3.906],[0.066,-3.223],[0,-0.748],[-1.725,-2.278],[-1.498,0],[-0.749,0.358],[0,1.986],[0.586,1.888],[0.227,1.628]],"o":[[5.371,0.261],[0,3.418],[0,0],[0.227,6.869],[1.27,1.693],[0.684,0],[1.399,-0.716],[0,-1.334],[-1.367,-4.134],[0,0],[-0.13,-1.595],[0,-9.928],[4.883,0.228],[0,10.189],[2.116,3.191],[2.311,0],[3.645,-4.492],[0,-2.409],[-1.53,0],[-0.326,5.176],[-1.042,1.14],[-2.8,-0.065],[0,-0.781],[0.032,-1.041],[0,-7.291],[-2.507,-3.711],[-5.534,0],[-2.084,-5.078],[-4.427,0],[-0.977,-1.27],[-2.246,0.098],[0,0.554],[0.195,1.498],[0,2.377],[-0.032,0.847],[0,7.292],[1.27,1.693],[0.684,0],[1.399,-0.716],[0,-1.334],[-1.563,-4.752],[0.098,-13.379]],"v":[[16.162,-38.525],[24.268,-23.877],[24.658,-14.893],[24.854,-15.088],[27.295,-2.002],[31.445,0.537],[33.594,0],[35.693,-4.053],[34.814,-8.887],[32.324,-19.189],[32.422,-19.189],[32.227,-23.633],[42.041,-38.525],[49.365,-23.828],[51.904,-4.785],[59.863,0.195],[66.602,-2.979],[72.363,-19.58],[70.117,-23.193],[67.822,-19.434],[64.111,-8.154],[61.035,-6.445],[56.836,-17.383],[56.934,-19.922],[56.982,-22.998],[53.662,-38.867],[42.725,-44.482],[29.102,-36.816],[16.846,-44.482],[5.469,-39.6],[1.904,-41.504],[-1.465,-37.109],[-1.318,-35.254],[-1.025,-27.148],[-1.123,-18.75],[-1.172,-16.357],[1.416,-2.002],[5.566,0.537],[7.715,0],[9.814,-4.053],[8.936,-8.887],[6.25,-18.457]],"c":true},"ix":2},"nm":"т","mn":"ADBE Vector Shape - Group","hd":false}],"nm":"т","np":3,"cix":2,"bm":0,"ix":1,"mn":"ADBE Vector Group","hd":false}]},"fFamily":"Xiomara"},{"ch":"б","size":132,"style":"Regular","w":52.05,"data":{"shapes":[{"ty":"gr","it":[{"ind":0,"ty":"sh","ix":1,"ks":{"a":0,"k":{"i":[[2.571,0.977],[0.163,5.469],[-3.613,0.195],[-2.702,-3.271],[0,-4.655],[0.13,-0.879]],"o":[[-7.422,-3.092],[0,-3.027],[3.841,0],[2.702,3.271],[0,0.977],[-2.572,-0.293]],"v":[[26.318,-20.801],[14.941,-33.643],[20.361,-38.477],[30.176,-33.569],[34.229,-21.68],[34.033,-18.896]],"c":true},"ix":2},"nm":"б","mn":"ADBE Vector Shape - Group","hd":false},{"ind":1,"ty":"sh","ix":2,"ks":{"a":0,"k":{"i":[[5.469,0],[2.702,3.288],[0,4.655],[-1.498,2.702],[-4.785,-3.255],[-6.185,-0.52]],"o":[[-3.809,0],[-2.702,-3.288],[0,-3.45],[0.846,4.753],[4.134,2.832],[-2.767,6.023]],"v":[[20.361,-4.834],[10.596,-9.766],[6.543,-21.68],[8.789,-30.908],[17.236,-18.896],[32.715,-13.867]],"c":true},"ix":2},"nm":"б","mn":"ADBE Vector Shape - Group","hd":false},{"ind":2,"ty":"sh","ix":3,"ks":{"a":0,"k":{"i":[[1.595,2.279],[0,2.312],[0,0.033],[-1.595,1.335],[-1.855,0],[-1.172,-0.227],[-1.302,0],[-1.042,0.391],[0,2.246],[2.702,0],[0,0],[2.766,-0.065],[2.946,-2.49],[0.032,-4.329],[-4.102,-4.134],[-1.986,-1.334],[2.604,-2.864],[0,-6.25],[-4.021,-4.427],[-5.697,0],[-3.939,9.668],[-2.832,2.718],[-0.033,2.507],[1.237,0],[0.52,-1.595],[2.116,-1.334],[2.571,0],[0,1.074],[4.036,4.427],[5.371,0.195]],"o":[[-2.474,-3.483],[-0.033,0],[0.391,-3.255],[1.041,-0.846],[0.977,0],[1.66,0.326],[1.465,0],[2.018,-0.748],[-0.098,-2.051],[0,0],[-3.223,0.228],[-2.767,0.066],[-2.946,2.49],[0,4.655],[1.432,1.465],[-3.32,1.009],[-4.037,4.427],[0,6.218],[4.02,4.427],[8.952,0],[5.11,-0.26],[2.832,-2.718],[0,-1.367],[-1.042,0],[-0.456,1.986],[-2.116,1.335],[0.13,-1.009],[0,-6.25],[-3.841,-4.231],[-4.232,-2.278]],"v":[[11.719,-51.318],[8.008,-60.01],[7.959,-60.059],[10.938,-66.943],[15.283,-68.213],[18.506,-67.871],[22.949,-67.383],[26.709,-67.969],[29.736,-72.461],[25.537,-75.537],[24.756,-75.537],[15.771,-75.098],[7.202,-71.265],[2.734,-61.035],[8.887,-47.852],[14.014,-43.652],[5.127,-37.842],[-0.928,-21.826],[5.103,-5.859],[19.678,0.781],[39.014,-13.721],[50.928,-18.188],[55.225,-26.025],[53.369,-28.076],[51.025,-25.684],[47.168,-20.703],[40.137,-18.701],[40.332,-21.826],[34.277,-37.842],[20.459,-44.482]],"c":true},"ix":2},"nm":"б","mn":"ADBE Vector Shape - Group","hd":false}],"nm":"б","np":6,"cix":2,"bm":0,"ix":1,"mn":"ADBE Vector Group","hd":false}]},"fFamily":"Xiomara"}]}